density_d4052,sulfur_high_d4294,sulfur_middle_d4294,sulfur_low_d4294,flash_point_d93,water_kf_ppm_d4928,acid_number_d664,mercaptan_uop163_ppm,micro_carbon_d4530,vapor_pressure_d6377,density_d4052_flag,sulfur_high_d4294_flag,sulfur_middle_d4294_flag,sulfur_low_d4294_flag,flash_point_d93_flag,water_kf_ppm_d4928_flag,acid_number_d664_flag,mercaptan_uop163_ppm_flag,micro_carbon_d4530_flag,vapor_pressure_d6377_flag,sulfur_high_low_ratio,density_flash_interaction
0.05783149319508308,0.25428585733229203,-0.37208201780802197,-0.6055691484115423,-1.028751942560149,0.1464389102471667,0.5717056503454693,-0.9123045496890664,-1.0194251171555546,1.6647762588436847,-0.20412414523193154,-0.2294157338705618,-0.2526455763199557,-0.2526455763199557,-0.2526455763199557,-0.27435163058436723,-0.20412414523193154,-0.29488391230979427,-0.20412414523193154,-0.3333333333333333,-0.419912866948676,-0.059494260965595756
0.05783149319508308,-0.13186900307709618,-0.8483470006022837,-0.5006178228636106,1.5483054409308932,0.062400112372338334,-1.66677468815719,-0.1299729692516624,-0.49746266000719397,0.3635055056249748,-0.20412414523193154,-0.2294157338705618,-0.2526455763199557,-0.2526455763199557,-0.2526455763199557,-0.27435163058436723,-0.20412414523193154,-0.29488391230979427,-0.20412414523193154,-0.3333333333333333,0.26341304777331254,0.08954081557110506
1.5036188231106835,-1.3883131757524476,0.67570094433935,-0.3431908345417204,1.2550325667805844,1.1418027839582787,1.149092976374213,1.4742052417386193,1.258926263594867,-0.7327809399105522,-0.20412414523193154,-0.2294157338705618,-0.2526455763199557,-0.2526455763199557,-0.2526455763199557,-0.27435163058436723,-0.20412414523193154,-0.29488391230979427,-0.20412414523193154,-0.3333333333333333,4.045321381987715,1.8870905910282025
1.5036188231106835,-0.0742339492846559,-0.2649223966793117,0.28651711874585506,0.740838118362653,-1.3350450408603503,1.7268644589738367,1.6152474059112811,-0.2574189085276691,-1.660524732462052,-0.20412414523193154,-0.2294157338705618,-0.2526455763199557,-0.2526455763199557,-0.2526455763199557,-0.27435163058436723,-0.20412414523193154,-0.29488391230979427,-0.20412414523193154,-0.3333333333333333,-0.25908989494134677,1.1139381396479855
0.05783149319508308,-0.9848677992053146,1.6401375344977354,0.548895432615677,-0.1112363848175131,-0.52058207429301,0.8175658557070092,-1.47854857665888,1.4565052727979197,-0.8299586857751835,-0.20412414523193154,-0.2294157338705618,-0.2526455763199557,-0.2526455763199557,-0.2526455763199557,-0.27435163058436723,-0.20412414523193154,-0.29488391230979427,-0.20412414523193154,-0.3333333333333333,-1.7942689015340958,-0.006432966231619652
0.05783149319508308,0.6116231908454474,-0.002976656142470415,-0.7629961367334325,-1.22698315905985,-0.6712255343344596,-0.8454479396212907,1.2239155860702426,-1.4865372821968013,-0.11782801686084118,-0.20412414523193154,-0.2294157338705618,-0.2526455763199557,-0.2526455763199557,-0.2526455763199557,-0.27435163058436723,-0.20412414523193154,-0.29488391230979427,-0.20412414523193154,-0.3333333333333333,-0.8016082428309502,-0.07095826821365125
-1.3879558367205174,-0.4949698419695083,1.1400593025637564,-1.0253744506032543,1.2839627729346776,0.35794525123397425,-1.0609597758835179,-1.2603856529121176,-1.3679898766749738,1.6055585699573949,-0.20412414523193154,-0.2294157338705618,-0.2526455763199557,-0.2526455763199557,-0.2526455763199557,-0.27435163058436723,-0.20412414523193154,-0.29488391230979427,-0.20412414523193154,-0.3333333333333333,0.4827215310463757,-1.7820836248265461
1.5036188231106835,0.7499473199473295,-0.693560881194146,0.6013710953896427,1.1847440266949694,-1.2534595495073306,-0.7002367558296309,-0.4695035469245164,1.1067609371041567,1.8409109232233156,-0.20412414523193154,-0.2294157338705618,-0.2526455763199557,-0.2526455763199557,-0.2526455763199557,-0.27435163058436723,-0.20412414523193154,-0.29488391230979427,-0.20412414523193154,-0.3333333333333333,1.2470603902254918,1.781403419106502
0.05783149319508308,1.2398452771831359,-0.8126271268927114,-0.8154717995073983,0.24489909414890626,-0.8631924198319454,-1.189268070556572,-1.2234440619428222,0.4049131133679427,-1.0516454185289208,-0.20412414523193154,-0.2294157338705618,-0.2526455763199557,-0.2526455763199557,-0.2526455763199557,-0.27435163058436723,-0.20412414523193154,-0.29488391230979427,-0.20412414523193154,-0.3333333333333333,-1.5204042596400626,0.014162880296754483
0.05783149319508308,0.6577312338794251,0.6280744460599291,-0.5006178228636106,0.036611923638427614,0.5583508151930083,1.3730562571957423,1.1255430348374007,-0.4656141032998372,0.6504835363814743,-0.20412414523193154,-0.2294157338705618,-0.2526455763199557,-0.2526455763199557,-0.2526455763199557,-0.27435163058436723,-0.20412414523193154,-0.29488391230979427,-0.20412414523193154,-0.3333333333333333,-1.3138416526178531,0.0021173222127546278
0.05783149319508308,-0.2586661214204904,-0.8245337514625733,1.5459330253209986,-0.4435985571225575,-0.21520631000710896,1.7552920452187635,1.45212330196821,-0.7168638284356599,0.06286185435623799,-0.20412414523193154,-0.2294157338705618,-0.2526455763199557,-0.2526455763199557,-0.2526455763199557,-0.27435163058436723,-0.20412414523193154,-0.29488391230979427,-0.20412414523193154,-0.3333333333333333,-0.16732028481408243,-0.02565396693758186
0.05783149319508308,1.1130481588397416,-1.6341842222128145,1.440981699773067,-0.7480103341771193,-0.42655605696060916,-1.092076458124587,1.0090732547701597,-1.5472854551756552,1.768027613824842,-0.20412414523193154,-0.2294157338705618,-0.2526455763199557,-0.2526455763199557,-0.2526455763199557,-0.27435163058436723,-0.20412414523193154,-0.29488391230979427,-0.20412414523193154,-0.3333333333333333,0.7724229853800674,-0.04325855455081589
0.05783149319508308,0.6980757715341206,-0.46733501436687697,-0.7105204739594666,0.8670790179441475,-0.12659148649230745,-0.743262291767901,1.6519399524470764,0.8059690126457777,-0.5369070459021041,-0.20412414523193154,-0.2294157338705618,-0.2526455763199557,-0.2526455763199557,-0.2526455763199557,-0.27435163058436723,-0.20412414523193154,-0.29488391230979427,-0.20412414523193154,-0.3333333333333333,-0.9824864723889949,0.05014447432583629
-1.3879558367205174,1.7355067397981734,-0.014883280712325638,-0.9728987878292885,-0.3007008721796124,-0.6141905075365977,-0.07060413616155861,-0.6723917454165588,-1.3921711882490748,1.8287637049902636,-0.20412414523193154,-0.2294157338705618,-0.2526455763199557,-0.2526455763199557,-0.2526455763199557,-0.27435163058436723,-0.20412414523193154,-0.29488391230979427,-0.20412414523193154,-0.3333333333333333,-1.7838531051349227,0.41735953064864323
-1.3879558367205174,0.11596172823040979,1.7353905310565838,-1.2877527644730762,1.4132462432168682,-0.35654112473528526,1.288157655031835,-0.6968811147108132,0.9587241272236601,0.3209902418091851,-0.20412414523193154,-0.2294157338705618,-0.2526455763199557,-0.2526455763199557,-0.2526455763199557,-0.27435163058436723,-0.20412414523193154,-0.29488391230979427,-0.20412414523193154,-0.3333333333333333,-0.0900497529334461,-1.9615233719961962
1.5036188231106835,1.7412702451774047,-0.41970851608744947,0.12909013042396483,0.5465261454774084,-0.2340497920150625,1.0200163685594044,1.1893814246247894,-1.114380999190453,-0.47313415017847354,-0.20412414523193154,-0.2294157338705618,-0.2526455763199557,-0.2526455763199557,-0.2526455763199557,-0.27435163058436723,-0.20412414523193154,-0.29488391230979427,-0.20412414523193154,-0.3333333333333333,13.488690039808889,0.821766999661959
-1.3879558367205174,0.15630626588513077,-1.2650788605472627,-0.39566649731567893,-1.8102800606800709,1.1100837925450615,-1.368285032585445,0.8761665420918614,1.4240669280033806,-1.4449116088248946,-0.20412414523193154,-0.2294157338705618,-0.2526455763199557,-0.2526455763199557,-0.2526455763199557,-0.27435163058436723,-0.20412414523193154,-0.29488391230979427,-0.20412414523193154,-0.3333333333333333,-0.3950464898899762,2.5125887763196766
0.05783149319508308,0.06985368519645757,-0.5983078846352976,1.6508843508689304,1.3744147900367767,1.493182395362407,1.0323093788274817,-0.67753866370891,0.1070701293454234,1.7892852457327368,-0.20412414523193154,-0.2294157338705618,-0.2526455763199557,-0.2526455763199557,-0.2526455763199557,-0.27435163058436723,-0.20412414523193154,-0.29488391230979427,-0.20412414523193154,-0.3333333333333333,0.04231286270708662,0.0794844595772334
0.05783149319508308,1.1188116642189985,-0.9793198708707044,-0.7105204739594666,0.40631004827067263,-1.8490388561853872,-1.4973616404002537,-0.2095841731607717,0.5570784398586427,-0.9165076156858943,-0.20412414523193154,-0.2294157338705618,-0.2526455763199557,-0.2526455763199557,-0.2526455763199557,-0.27435163058436723,-0.20412414523193154,-0.29488391230979427,-0.20412414523193154,-0.3333333333333333,-1.5746389862958547,0.023497516791659283
-1.3879558367205174,-0.39699025052234704,-0.5744946354955806,-1.4976554155689323,0.8481531968059106,-0.4742476397711382,1.0960793695931312,-1.3027232066072645,0.6779849977291682,-1.2368904965833944,-0.20412414523193154,-0.2294157338705618,-0.2526455763199557,-0.2526455763199557,-0.2526455763199557,-0.27435163058436723,-0.20412414523193154,-0.29488391230979427,-0.20412414523193154,-0.3333333333333333,0.2650746703614782,-1.1771991799399293
1.5036188231106835,0.23123183581531592,-0.9435999971611387,1.5984086880949644,-0.1112879538124419,0.7878132719990343,-0.6848704929945345,0.38131525272562683,0.6160572485759809,-1.7895889261884985,-0.20412414523193154,-0.2294157338705618,-0.2526455763199557,-0.2526455763199557,-0.2526455763199557,-0.27435163058436723,-0.20412414523193154,-0.29488391230979427,-0.20412414523193154,-0.3333333333333333,0.14466368512249536,-0.16733466213786
0.05783149319508308,-1.8263395845750194,1.52107128879917,-1.2352771016991104,1.3917419723322721,0.15593894826778726,-1.1427851254804062,1.2290625043625938,1.5154840815152475,-1.4282091837543942,-0.20412414523193154,-0.2294157338705618,-0.2526455763199557,-0.2526455763199557,-0.2526455763199557,-0.27435163058436723,-0.20412414523193154,-0.29488391230979427,-0.20412414523193154,-0.3333333333333333,1.4784869407437793,0.0804865164022453
-1.3879558367205174,0.6289137069831923,0.05655646670681231,1.5459330253209986,-1.6748598800015515,0.2767947433068173,-0.8869368492760513,0.11533579774669653,1.4423503587057518,0.823581396202842,-0.20412414523193154,-0.2294157338705618,-0.2526455763199557,-0.2526455763199557,-0.2526455763199557,-0.27435163058436723,-0.20412414523193154,-0.29488391230979427,-0.20412414523193154,-0.3333333333333333,0.4068179473911277,2.3246315461371787
-1.3879558367205174,0.1620697712643876,-0.5625880109257253,-0.8679474622813642,-1.154013031238033,-1.395316344346538,1.0131015502836116,0.745003140448068,1.5614875523147618,1.5918929494452114,-0.20412414523193154,-0.2294157338705618,-0.2526455763199557,-0.2526455763199557,-0.2526455763199557,-0.27435163058436723,-0.20412414523193154,-0.29488391230979427,-0.20412414523193154,-0.3333333333333333,-0.1867278436026957,1.6017191223583647
1.5036188231106835,-1.0482663583770118,1.604417660788163,0.12909013042396483,0.16280125422499328,0.24333581819018937,-1.1777433734302492,-1.5563334547223204,0.40550290145511464,0.8129525802489216,-0.20412414523193154,-0.2294157338705618,-0.2526455763199557,-0.2526455763199557,-0.2526455763199557,-0.27435163058436723,-0.20412414523193154,-0.29488391230979427,-0.20412414523193154,-0.3333333333333333,-8.120359275918222,0.2447910302787276
0.05783149319508308,-1.4228942080279119,1.4615381659498872,1.1261277231292866,0.4853653174938894,0.8352438647540575,-1.1512365700397083,0.081216710357077,0.6496751695448534,-0.016095064158815398,-0.20412414523193154,-0.2294157338705618,-0.2526455763199557,-0.2526455763199557,-0.2526455763199557,-0.27435163058436723,-0.20412414523193154,-0.29488391230979427,-0.20412414523193154,-0.3333333333333333,-1.2635271428598087,0.028069401055777203
-1.3879558367205174,-1.6361439070599537,-1.4913047273745386,-0.3431908345417204,1.3378008036385498,-1.5376951192967767,-0.3141594020978361,1.2237495564479093,-0.3954293209262116,-0.6310479872084724,-0.20412414523193154,-0.2294157338705618,-0.2526455763199557,-0.2526455763199557,-0.2526455763199557,-0.27435163058436723,-0.20412414523193154,-0.29488391230979427,-0.20412414523193154,-0.3333333333333333,4.767460286942308,-1.8568084337795239
0.05783149319508308,-1.6419074124392106,-1.419864979955394,0.3389927815198209,-0.8131935437649522,0.39450125834267025,-0.9768294868613653,-0.7071749512955154,0.9168491730343598,-0.15882487839749937,-0.20412414523193154,-0.2294157338705618,-0.2526455763199557,-0.2526455763199557,-0.2526455763199557,-0.27435163058436723,-0.20412414523193154,-0.29488391230979427,-0.20412414523193154,-0.3333333333333333,-4.8434735441989485,-0.04702819689252833
-1.3879558367205174,1.6432906537302434,-1.0745728674295594,-1.130325776151186,0.6799351353537707,1.4974974309468745,-1.4969774838293755,0.3025341969281852,-0.5063094813147937,-0.760112180934973,-0.20412414523193154,-0.2294157338705618,-0.2526455763199557,-0.2526455763199557,-0.2526455763199557,-0.27435163058436723,-0.20412414523193154,-0.29488391230979427,-0.20412414523193154,-0.3333333333333333,-1.4538216700210116,-0.9437199397056211
-1.3879558367205174,1.4530949762151777,-0.6221211337750081,0.9162250720334232,-1.5022584539806108,0.7745027791679279,-1.6387312584831397,0.007831617285486822,-1.626906846944042,1.4931968013013945,-0.20412414523193154,-0.2294157338705618,-0.2526455763199557,-0.2526455763199557,-0.2526455763199557,-0.27435163058436723,-0.20412414523193154,-0.29488391230979427,-0.20412414523193154,-0.3333333333333333,1.5859568075707082,2.0850683894651296
1.5036188231106835,-0.13186900307709618,0.1041829649862398,-0.3431908345417204,1.0568013502808835,0.9215271771062784,-0.5557938851797258,1.578886918620153,-1.761378530819553,0.023383395098711297,-0.20412414523193154,-0.2294157338705618,-0.2526455763199557,-0.2526455763199557,-0.2526455763199557,-0.27435163058436723,-0.20412414523193154,-0.29488391230979427,-0.20412414523193154,-0.3333333333333333,0.3842450731478916,1.5890264025711234
-1.3879558367205174,-1.4113671972694237,0.6995141934790671,-0.028336857897932666,1.421084730445781,1.193878999701414,-0.03065185279030741,1.0999744729979755,0.5901065727403537,-0.26207623337865665,-0.20412414523193154,-0.2294157338705618,-0.2526455763199557,-0.2526455763199557,-0.2526455763199557,-0.27435163058436723,-0.20412414523193154,-0.29488391230979427,-0.20412414523193154,-0.3333333333333333,49.80852185076756,-1.9724028460966248
0.05783149319508308,1.0669401158057894,-0.02678990528218086,-1.2352771016991104,1.456048509006345,-0.2629674901657768,-1.045977669619298,-1.4802088728822211,-0.4886158386995943,1.7695460161039736,-0.20412414523193154,-0.2294157338705618,-0.2526455763199557,-0.2526455763199557,-0.2526455763199557,-0.27435163058436723,-0.20412414523193154,-0.29488391230979427,-0.20412414523193154,-0.3333333333333333,-0.8637260239538541,0.08420545944031131
1.5036188231106835,1.5683650838000838,-0.8007205023228563,0.4964197698417111,-0.2250491566215861,-1.6376543105578276,0.14145029096277142,-0.8415759305748185,-1.275982935075935,0.10841392273029066,-0.20412414523193154,-0.2294157338705618,-0.2526455763199557,-0.2526455763199557,-0.2526455763199557,-0.27435163058436723,-0.20412414523193154,-0.29488391230979427,-0.20412414523193154,-0.3333333333333333,3.1593462221578146,-0.33838814802140116
0.05783149319508308,0.634677212362449,-1.038852993719987,-0.6055691484115423,1.3491975515174321,-0.8467674456717215,-1.371358285152464,-0.3627464997638076,-1.7660968355169389,-0.620419171254552,-0.20412414523193154,-0.2294157338705618,-0.2526455763199557,-0.2526455763199557,-0.2526455763199557,-0.27435163058436723,-0.20412414523193154,-0.29488391230979427,-0.20412414523193154,-0.3333333333333333,-1.0480690142426783,0.07802610901940313
0.05783149319508308,1.4530949762151777,1.5567911625087356,-1.3402284272470422,1.6413874767742729,0.7042094575500685,-0.5461899709077909,0.6873908614981984,0.010344883049009228,0.07804587714755291,-0.20412414523193154,-0.2294157338705618,-0.2526455763199557,-0.2526455763199557,-0.2526455763199557,-0.27435163058436723,-0.20412414523193154,-0.29488391230979427,-0.20412414523193154,-0.3333333333333333,-1.0842152209942282,0.09492388869356595
0.05783149319508308,0.7441838145680983,-0.9197867480214217,1.8607870019647863,0.7532146771451531,-1.1742577673280008,1.5282555118302152,0.37849274914595094,0.9805462864490734,1.4719391693934998,-0.20412414523193154,-0.2294157338705618,-0.2526455763199557,-0.2526455763199557,-0.2526455763199557,-0.27435163058436723,-0.20412414523193154,-0.29488391230979427,-0.20412414523193154,-0.3333333333333333,0.3999293921619887,0.04355952947575662
1.5036188231106835,0.08714420133420245,0.9852731831556254,0.4964197698417111,-1.2688571829406452,0.47525158151802416,1.1602335169296591,1.5423604017066916,-0.4473306725974659,-0.8071826515881572,-0.20412414523193154,-0.2294157338705618,-0.2526455763199557,-0.2526455763199557,-0.2526455763199557,-0.27435163058436723,-0.20412414523193154,-0.29488391230979427,-0.20412414523193154,-0.3333333333333333,0.17554503483403663,-1.90787754410875
0.05783149319508308,0.10443471747192173,0.008929968427384808,1.8083113391908205,0.25469720318505457,0.4434281940826087,0.6347073279693642,-0.9382881855843224,1.3473944766708534,-1.3507706675184723,-0.20412414523193154,-0.2294157338705618,-0.2526455763199557,-0.2526455763199557,-0.2526455763199557,-0.27435163058436723,-0.20412414523193154,-0.29488391230979427,-0.20412414523193154,-0.3333333333333333,0.05775258798413882,0.014729519572803176
1.5036188231106835,-0.03388941162993492,1.1043394288541908,-1.550131078342898,1.1768539704711278,0.5092672854197428,-0.2211935119455032,1.1617374925061923,-0.06927650871938795,-0.4002508407799461,-0.20412414523193154,-0.2294157338705618,-0.2526455763199557,-0.2526455763199557,-0.2526455763199557,-0.27435163058436723,-0.20412414523193154,-0.29488391230979427,-0.20412414523193154,-0.3333333333333333,0.021862301818027414,1.7695397820529324
0.05783149319508308,-0.9214692400336175,-1.5389312256539593,-1.3402284272470422,1.1388476212098677,0.9535941552601698,0.13030975040732692,1.2915726571713144,0.8348686289172644,-1.1533783712309467,-0.20412414523193154,-0.2294157338705618,-0.2526455763199557,-0.2526455763199557,-0.2526455763199557,-0.27435163058436723,-0.20412414523193154,-0.29488391230979427,-0.20412414523193154,-0.3333333333333333,0.6875469202465175,0.06586125845623501
1.5036188231106835,0.3695559649171726,-0.5625880109257253,-0.13328818344585705,-0.49460029310544135,0.1308143055905093,0.4372508505383758,-0.5122561746755,0.7599655418462635,-0.36380918608073637,-0.20412414523193154,-0.2294157338705618,-0.2526455763199557,-0.2526455763199557,-0.2526455763199557,-0.27435163058436723,-0.20412414523193154,-0.29488391230979427,-0.20412414523193154,-0.3333333333333333,-2.7726294108937406,-0.7436903106294028
-1.3879558367205174,0.8075823737397698,-1.4555848536649663,0.8637494092594646,-1.3716341898303155,0.7454458863209359,0.13952950810838372,-1.269683311762816,1.0790408970070138,-0.4473213114331303,-0.20412414523193154,-0.2294157338705618,-0.2526455763199557,-0.2526455763199557,-0.2526455763199557,-0.27435163058436723,-0.20412414523193154,-0.29488391230979427,-0.20412414523193154,-0.3333333333333333,0.9349719144355018,1.9037676796204044
0.05783149319508308,0.49635308326056676,-0.3958952669477324,0.3389927815198209,-1.1740733702646666,-1.2179649019577268,-1.4040115936770425,0.12230904188472237,0.27339036992829124,-0.819329869821263,-0.20412414523193154,-0.2294157338705618,-0.2526455763199557,-0.2526455763199557,-0.2526455763199557,-0.27435163058436723,-0.20412414523193154,-0.29488391230979427,-0.20412414523193154,-0.3333333333333333,1.4641952458102692,-0.06789841612298933
-1.3879558367205174,0.4617720509851026,0.9138334357364809,0.9162250720334232,-0.7010825487934709,1.4878929969040358,0.3462057432404289,-0.16193367155094018,1.364498331198881,0.13574516375471146,-0.20412414523193154,-0.2294157338705618,-0.2526455763199557,-0.2526455763199557,-0.2526455763199557,-0.27435163058436723,-0.20412414523193154,-0.29488391230979427,-0.20412414523193154,-0.3333333333333333,0.5039935721980389,0.9730716156207948
0.05783149319508308,-1.1520094552034041,1.8068302784757218,0.28651711874585506,-1.6834203331594528,-1.346493804628798,-0.6733457958682119,-1.0522675213165544,-0.7068374309537164,-0.22715298095857836,-0.20412414523193154,-0.2294157338705618,-0.2526455763199557,-0.2526455763199557,-0.2526455763199557,-0.27435163058436723,-0.20412414523193154,-0.29488391230979427,-0.20412414523193154,-0.3333333333333333,-4.020721133609181,-0.09735471154157539
0.05783149319508308,-0.20679457300728132,1.4258182922403149,-1.130325776151186,1.3391415975066545,0.8162611880498264,-0.15703936460897538,-1.209663603289107,-0.8619516978802864,1.1470010816586051,-0.20412414523193154,-0.2294157338705618,-0.2526455763199557,-0.2526455763199557,-0.2526455763199557,-0.27435163058436723,-0.20412414523193154,-0.29488391230979427,-0.20412414523193154,-0.3333333333333333,0.18295146436710646,0.07744455818345877
0.05783149319508308,0.4617720509851026,-0.41970851608744947,0.4964197698417111,0.27733599195804004,1.7055065051898108,-0.6733457958682119,1.003843321666639,1.4995598031615638,1.9062022212261316,-0.20412414523193154,-0.2294157338705618,-0.2526455763199557,-0.2526455763199557,-0.2526455763199557,-0.27435163058436723,-0.20412414523193154,-0.29488391230979427,-0.20412414523193154,-0.3333333333333333,0.9302029226785644,0.016038754531673007
0.05783149319508308,-1.4113671972694237,-0.37208201780802197,-0.8154717995073983,0.03975763232898142,-1.3953859416946768,-1.3702058154398309,-0.5618990317533398,-0.08225184663720153,0.5533057905168429,-0.20412414523193154,-0.2294157338705618,-0.2526455763199557,-0.2526455763199557,-0.2526455763199557,-0.27435163058436723,-0.20412414523193154,-0.29488391230979427,-0.20412414523193154,-0.3333333333333333,1.730739099575348,0.002299243243486104
1.5036188231106835,0.5021165886398236,0.25896908439437755,-1.0778501133772203,-0.9890438164662971,-0.5502653432732313,0.9401118018169036,-0.9533968812167087,0.8844108282398206,0.3802079306954212,-0.20412414523193154,-0.2294157338705618,-0.2526455763199557,-0.2526455763199557,-0.2526455763199557,-0.27435163058436723,-0.20412414523193154,-0.29488391230979427,-0.20412414523193154,-0.3333333333333333,-0.4658505373414871,-1.4871448993199525
-1.3879558367205174,-0.6044764441751576,0.23515583525466047,-1.550131078342898,0.032460619546798984,-1.0779350375070986,-0.20851634510654757,-1.4858538800415728,-1.3951201286849448,-0.1762865046075385,-0.20412414523193154,-0.2294157338705618,-0.2526455763199557,-0.2526455763199557,3.958114029012639,-0.27435163058436723,-0.20412414523193154,-0.29488391230979427,-0.20412414523193154,2.9999999999999996,0.3899520773258899,-0.04505390636354376
-1.3879558367205174,0.3292114272624772,1.4139116676704597,0.28651711874585506,-1.050978179373726,0.15593894826778726,-0.05293293390119806,1.224496689748413,-0.007053865522604188,0.885835889647395,-0.20412414523193154,-0.2294157338705618,-0.2526455763199557,-0.2526455763199557,-0.2526455763199557,3.6449573777637356,-0.20412414523193154,-0.29488391230979427,4.898979485566357,-0.3333333333333333,1.149007360174983,1.458711298327666
-1.3879558367205174,-1.480529261820352,1.3662851693910323,-0.5530934856375764,1.6245759844280505,1.1826564273143927,1.414545166850503,1.0701721557890396,-1.3898120359003872,-0.11023600546518372,-0.20412414523193154,-0.2294157338705618,-0.2526455763199557,-0.2526455763199557,-0.2526455763199557,-0.27435163058436723,-0.20412414523193154,-0.29488391230979427,-0.20412414523193154,-0.3333333333333333,2.676820423827806,-2.254839719782893
0.05783149319508308,1.0496495996680446,1.1162460534240461,0.3389927815198209,0.032460619546798984,0.3342647535305221,0.8164133859943781,-0.6225828587163855,-1.3974792810336325,-0.9089156042901829,-0.20412414523193154,-0.2294157338705618,-0.2526455763199557,-0.2526455763199557,3.958114029012639,-0.27435163058436723,-0.20412414523193154,-0.29488391230979427,-0.20412414523193154,-0.3333333333333333,3.0963683019851262,0.0018772460984288863
0.05783149319508308,1.2571357933208551,-1.443678229095111,0.02413880487603317,0.2959523991267189,0.2327918199475065,-0.5127683492414558,-0.5432206992407737,-0.36063182378299524,-1.3477338629602091,-0.20412414523193154,-0.2294157338705618,-0.2526455763199557,-0.2526455763199557,-0.2526455763199557,-0.27435163058436723,-0.20412414523193154,-0.29488391230979427,-0.20412414523193154,-0.3333333333333333,52.077297218296195,0.017115369156165353
-1.3879558367205174,-0.7312735625185518,1.0686195551446185,0.548895432615677,-0.9253561077313551,0.15593894826778726,-0.5196831675172483,0.9848329299094059,1.0530902211713866,-1.0789766595533417,-0.20412414523193154,-0.2294157338705618,-0.2526455763199557,-0.2526455763199557,-0.2526455763199557,3.6449573777637356,-0.20412414523193154,-0.29488391230979427,-0.20412414523193154,-0.3333333333333333,-1.3322614596596778,1.2843534107707142
0.05783149319508308,-0.13186900307709618,1.7234839064867284,-0.2382395089937887,-0.14398269659621232,1.2974398537285146,-0.20313815311426445,-1.4028390688746144,-0.6685012052874476,-0.1762865046075385,-0.20412414523193154,-0.2294157338705618,-0.2526455763199557,3.958114029012639,-0.2526455763199557,-0.27435163058436723,-0.20412414523193154,-0.29488391230979427,-0.20412414523193154,2.9999999999999996,0.5535167409922559,-0.008326734338413565
-1.3879558367205174,1.3090073417340642,0.9733665585857636,0.6538467581636013,-0.16770443426267317,-1.443669101964376,1.376129509762761,-0.26304571155229434,0.36126879491711616,-0.1762865046075385,-0.20412414523193154,-0.2294157338705618,-0.2526455763199557,-0.2526455763199557,-0.2526455763199557,-0.27435163058436723,-0.20412414523193154,-0.29488391230979427,-0.20412414523193154,2.9999999999999996,2.0020063162876722,0.23276634837878954
-1.3879558367205174,1.314770847113321,-1.4913047273745386,-0.6055691484115423,1.360491161406464,1.0760332899692835,0.8794150636182729,-0.045961980350699934,1.4228873518290368,-1.3477338629602091,-0.20412414523193154,-0.2294157338705618,-0.2526455763199557,-0.2526455763199557,-0.2526455763199557,-0.27435163058436723,-0.20412414523193154,-0.29488391230979427,-0.20412414523193154,-0.3333333333333333,-2.171136065465264,-1.8883016482807773
1.5036188231106835,-0.9387597561713624,-0.03274321756710847,-0.2382395089937887,0.032460619546798984,0.5683380346506005,-1.4497262256114551,1.550163793956385,0.36480752344015815,-0.1762865046075385,-0.20412414523193154,-0.2294157338705618,3.958114029012639,3.958114029012639,3.958114029012639,-0.27435163058436723,-0.20412414523193154,-0.29488391230979427,-0.20412414523193154,2.9999999999999996,3.9404198764349956,0.04880839856040154
1.5036188231106835,1.7355067397981734,-1.1579192394185527,-0.9204231250553228,-0.3517026081624962,1.222048526359651,0.6473844948083182,1.4515421982900398,-0.007053865522604188,-0.9271364316398147,-0.20412414523193154,-0.2294157338705618,-0.2526455763199557,-0.2526455763199557,-0.2526455763199557,-0.27435163058436723,-0.20412414523193154,-0.29488391230979427,4.898979485566357,-0.3333333333333333,-1.8855552170628878,-0.5288266617702504
-1.3879558367205174,-0.9041787238958983,0.02083659299724664,1.4934573625470329,1.6387574580329922,0.15593894826778726,-0.2930307906995784,0.3838056970606356,-0.14300001961604503,-1.7303712373022624,-0.20412414523193154,-0.2294157338705618,-0.2526455763199557,-0.2526455763199557,-0.2526455763199557,3.6449573777637356,-0.20412414523193154,-0.29488391230979427,-0.20412414523193154,-0.3333333333333333,-0.605426134782799,-2.27452297884617
0.05783149319508308,0.7902918576020506,0.3304088318135155,-0.8154717995073983,-1.1626766223857845,-0.28850971693186783,-0.17739966286547837,1.1764311140827448,-1.306651915608948,-0.415434863571315,4.898979485566357,-0.2294157338705618,-0.2526455763199557,-0.2526455763199557,-0.2526455763199557,-0.27435163058436723,4.898979485566357,-0.29488391230979427,-0.20412414523193154,-0.3333333333333333,-0.9691234291644071,-0.06723932517558567
-1.3879558367205174,0.3522654487794533,1.0805261797144738,-1.602606741116864,-1.629633871450502,-1.0877482635943339,0.8398469368178999,-1.550937491996466,0.3146755360304301,-1.710632007673499,-0.20412414523193154,-0.2294157338705618,-0.2526455763199557,-0.2526455763199557,-0.2526455763199557,-0.27435163058436723,-0.20412414523193154,-0.29488391230979427,-0.20412414523193154,-0.3333333333333333,-0.21980792888833514,2.2618598435971777
0.05783149319508308,1.2052642449076718,-0.13394952641089108,-0.3431908345417204,1.3385227695675235,0.5874425067140597,-0.17739966286547837,-0.027200633026967097,-1.5001024082017869,-0.7297441353522892,-0.20412414523193154,-0.2294157338705618,-0.2526455763199557,-0.2526455763199557,-0.2526455763199557,-0.27435163058436723,4.898979485566357,3.391164991562634,-0.20412414523193154,-0.3333333333333333,-3.5119462280027176,0.077408770439708
0.05783149319508308,-0.9157057346543863,-0.8007205023228563,-0.2382395089937887,0.032460619546798984,-1.6276844904372652,-0.5177623846628624,-0.027200633026967097,-0.466793679474181,-0.7251889285148407,-0.20412414523193154,-0.2294157338705618,-0.2526455763199557,-0.2526455763199557,3.958114029012639,-0.27435163058436723,-0.20412414523193154,3.391164991562634,-0.20412414523193154,-0.3333333333333333,3.843651215422358,0.0018772460984288863
0.05783149319508308,1.18221022339067,1.1995924254130392,-1.1828014389251447,-1.740558779538658,0.8649445330713087,0.8582864522200152,-0.027200633026967097,-1.198720695656236,-0.33344114049805257,-0.20412414523193154,-0.2294157338705618,-0.2526455763199557,-0.2526455763199557,-0.2526455763199557,-0.27435163058436723,-0.20412414523193154,3.391164991562634,-0.20412414523193154,-0.3333333333333333,-0.999501001593294,-0.100659113214532
-1.3879558367205174,-0.09152446542240078,-0.41970851608744947,1.8083113391908205,-1.1078072117833657,1.3347440323296682,-0.6718091695847024,1.499607773955708,0.9080023517267601,-0.1762865046075385,-0.20412414523193154,-0.2294157338705618,-0.2526455763199557,-0.2526455763199557,-0.2526455763199557,-0.27435163058436723,-0.20412414523193154,-0.29488391230979427,-0.20412414523193154,2.9999999999999996,-0.050613195209051075,1.5375874855558047
0.05783149319508308,-1.486292767199609,-0.03274321756710847,0.12909013042396483,-0.726402925302673,-1.3645021184591055,1.7683533686285955,-0.9039200537612025,-1.225261159579035,0.006680970028210934,4.898979485566357,-0.2294157338705618,3.958114029012639,-0.2526455763199557,-0.2526455763199557,-0.27435163058436723,-0.20412414523193154,-0.29488391230979427,-0.20412414523193154,-0.3333333333333333,-11.513515780040683,-0.04200896583152998
0.05783149319508308,0.08714420133420245,-0.03274321756710847,1.0736520603553208,-1.6457233978677506,0.15593894826778726,-1.559979161453272,-0.008439285703234257,1.232385799672068,1.17433232268308,-0.20412414523193154,-0.2294157338705618,3.958114029012639,-0.2526455763199557,-0.2526455763199557,3.6449573777637356,-0.20412414523193154,-0.29488391230979427,-0.20412414523193154,-0.3333333333333333,0.08116607175260364,-0.09517464148477782
1.5036188231106835,0.0006916206455292475,-0.15776277555060153,1.2835547114511767,0.413323431580754,-1.5304569950905782,0.5014049978749037,-1.2307493653255122,-0.36770928082906873,-0.1762865046075385,-0.20412414523193154,-0.2294157338705618,-0.2526455763199557,-0.2526455763199557,-0.2526455763199557,-0.27435163058436723,-0.20412414523193154,-0.29488391230979427,-0.20412414523193154,2.9999999999999996,0.0005388318086694556,0.6214808917575225
0.05783149319508308,-1.1865904874788684,-0.1458561509807463,-0.2382395089937887,0.032460619546798984,0.7580778050077038,-0.8016540905412676,-0.027200633026967097,-0.9398037253871574,0.34072947143794846,-0.20412414523193154,-0.2294157338705618,-0.2526455763199557,3.958114029012639,3.958114029012639,-0.27435163058436723,-0.20412414523193154,3.391164991562634,-0.20412414523193154,-0.3333333333333333,4.980682982320902,0.0018772460984288863
1.5036188231106835,0.08714420133420245,1.259125548262322,-0.6580448111855008,0.9904320538097249,0.15593894826778726,-0.6599003158875032,-0.7855409330371232,-1.6121621447647128,-0.4382108977583413,-0.20412414523193154,4.358898943540674,-0.2526455763199557,-0.2526455763199557,-0.2526455763199557,3.6449573777637356,-0.20412414523193154,-0.29488391230979427,-0.20412414523193154,-0.3333333333333333,-0.1324291785028835,1.4892322791204757
0.05783149319508308,0.23699534119454715,-1.4793981028046765,-0.2382395089937887,-1.0038956870052986,-1.3902009392585237,-0.17739966286547837,-1.099170889625885,1.368037059721923,-0.1762865046075385,-0.20412414523193154,-0.2294157338705618,-0.2526455763199557,-0.2526455763199557,-0.2526455763199557,-0.27435163058436723,4.898979485566357,-0.29488391230979427,-0.20412414523193154,2.9999999999999996,-0.9947818352100501,-0.05805678659162018
1.5036188231106835,0.08714420133420245,0.18752933697523297,-0.2907151717677546,-1.163295450324908,-0.2415837049508261,-0.2039064662560192,1.5999726806565613,-1.0512736738629114,-1.2778873581199988,-0.20412414523193154,4.358898943540674,-0.2526455763199557,-0.2526455763199557,-0.2526455763199557,-0.27435163058436723,-0.20412414523193154,-0.29488391230979427,-0.20412414523193154,-0.3333333333333333,-0.29975904099996925,-1.7491529359475508
-1.3879558367205174,1.0727036211850207,-1.5151179765142488,0.758798083711533,-0.8743543717484713,-1.4742223377963026,-0.5569463548923571,0.980931233784559,-0.925648811295,0.3149166326926052,-0.20412414523193154,-0.2294157338705618,-0.2526455763199557,-0.2526455763199557,-0.2526455763199557,-0.27435163058436723,-0.20412414523193154,-0.29488391230979427,-0.20412414523193154,-0.3333333333333333,1.41368597328568,1.2135652536303918
-1.3879558367205174,-1.509346788716585,-1.038852993719987,1.5984086880949644,-1.5801276363205092,-1.4636957388906495,0.7234474958420452,0.7371167333872078,0.3712951923990597,-0.2484106128664732,-0.20412414523193154,-0.2294157338705618,-0.2526455763199557,-0.2526455763199557,-0.2526455763199557,-0.27435163058436723,-0.20412414523193154,-0.29488391230979427,-0.20412414523193154,-0.3333333333333333,-0.9442803055801499,2.193147375594446
0.05783149319508308,-0.15492302459407228,-0.03274321756710847,1.6508843508689304,0.43359004658710293,0.15593894826778726,1.0618894347850414,-0.88192112880196,-0.007053865522604188,0.7749925232705264,-0.20412414523193154,-0.2294157338705618,3.958114029012639,-0.2526455763199557,-0.2526455763199557,3.6449573777637356,-0.20412414523193154,-0.29488391230979427,4.898979485566357,-0.3333333333333333,-0.09384238857806194,0.0250751598286578
0.05783149319508308,-1.5381643156127924,0.7352340671886327,-1.2877527644730762,0.6404332852396267,0.30736537847577383,1.5705127346267307,0.3561617649420414,-0.05335223036570433,-0.5384254481812356,-0.20412414523193154,-0.2294157338705618,-0.2526455763199557,-0.2526455763199557,-0.2526455763199557,-0.27435163058436723,-0.20412414523193154,-0.29488391230979427,-0.20412414523193154,-0.3333333333333333,1.194457160182716,0.03703721317724017
0.05783149319508308,0.15054276050589954,0.2470624598245157,1.7033600136428888,-1.734370500147408,1.3042777931829297,0.25977051479301216,-1.4423541189900884,-1.7059384506252673,1.075636174539263,4.898979485566357,-0.2294157338705618,-0.2526455763199557,-0.2526455763199557,-0.2526455763199557,-0.27435163058436723,-0.20412414523193154,-0.29488391230979427,-0.20412414523193154,-0.3333333333333333,0.08837983216719376,-0.10030123577702765
0.05783149319508308,0.8248728898775147,-0.03869652985203608,-1.3927040900210006,1.4776043488858626,-0.8144046787882648,-1.74399015890355,-0.9900064129413371,-0.5381580380221505,-0.2544842219829992,-0.20412414523193154,-0.2294157338705618,-0.2526455763199557,-0.2526455763199557,-0.2526455763199557,-0.27435163058436723,-0.20412414523193154,-0.29488391230979427,-0.20412414523193154,-0.3333333333333333,-0.5922819413469359,0.08545206584761793
1.5036188231106835,-0.09728797080163201,-1.0983861165692699,-1.2877527644730762,-0.7679675352139027,1.2847731363676673,-0.17739966286547837,0.07640185130939586,-0.007053865522604188,-0.8770291564283677,-0.20412414523193154,-0.2294157338705618,-0.2526455763199557,-0.2526455763199557,-0.2526455763199557,-0.27435163058436723,4.898979485566357,-0.29488391230979427,4.898979485566357,-0.3333333333333333,0.07554869928012906,-1.1547304414855408
0.05783149319508308,0.08714420133420245,1.604417660788163,-0.44814216008964475,0.032460619546798984,0.9107743868191791,-0.23886471420586378,1.1570886630808446,0.25982524392330575,0.960237601325,-0.20412414523193154,4.358898943540674,-0.2526455763199557,-0.2526455763199557,3.958114029012639,-0.27435163058436723,-0.20412414523193154,-0.29488391230979427,-0.20412414523193154,-0.3333333333333333,-0.19445703518233048,0.0018772460984288863
-1.3879558367205174,1.6202366322132673,-1.5627444747936765,-0.2382395089937887,-1.5626457470402273,-0.22515873079062187,1.7049675344338242,1.0600443488266706,-0.4650243152126653,-0.754038571818447,-0.20412414523193154,-0.2294157338705618,-0.2526455763199557,3.958114029012639,-0.2526455763199557,-0.27435163058436723,-0.20412414523193154,-0.29488391230979427,-0.20412414523193154,-0.3333333333333333,-6.800901495968939,2.1688832853309767
0.05783149319508308,1.3090073417340642,0.9852731831556254,-0.3431908345417204,-0.22009853310858313,0.15593894826778726,-0.19775996112198133,-0.027200633026967097,1.3544719337169373,-0.1762865046075385,-0.20412414523193154,-0.2294157338705618,-0.2526455763199557,-0.2526455763199557,-0.2526455763199557,3.6449573777637356,-0.20412414523193154,3.391164991562634,-0.20412414523193154,2.9999999999999996,-3.8142369324022987,-0.012728626819716793
1.5036188231106835,-1.2384620358920775,-0.03274321756710847,1.1261277231292866,-0.40724241569896735,0.6786324321098981,0.915909937851627,-1.0995859636817218,0.9923420481925326,0.6884435933598694,-0.20412414523193154,-0.2294157338705618,3.958114029012639,-0.2526455763199557,-0.2526455763199557,-0.27435163058436723,-0.20412414523193154,-0.29488391230979427,-0.20412414523193154,-0.3333333333333333,-1.0997517516919728,-0.6123373618140331
1.5036188231106835,-0.5526048957619741,0.4256618283723639,1.9657383275127107,0.4178615031343413,-0.6787246485961638,0.6512260605170918,-0.1386895244241903,-0.024452614094217603,-1.2490377148164464,-0.20412414523193154,-0.2294157338705618,-0.2526455763199557,-0.2526455763199557,-0.2526455763199557,-0.27435163058436723,-0.20412414523193154,-0.29488391230979427,-0.20412414523193154,-0.3333333333333333,-0.28111809537900234,0.6283044215661194
0.05783149319508308,-0.6332939710713905,1.6282309099278736,2.0182139902866765,0.07157570219898435,1.324617618175818,1.0311569091148487,-0.027200633026967097,-1.630445575467084,0.9146855329509473,4.898979485566357,-0.2294157338705618,-0.2526455763199557,-0.2526455763199557,-0.2526455763199557,-0.27435163058436723,-0.20412414523193154,3.391164991562634,-0.20412414523193154,-0.3333333333333333,-0.31378915235459354,0.004139329734653857
1.5036188231106835,0.08714420133420245,1.2472189236924667,1.5984086880949644,-0.16744658928803655,-0.6092490958189007,0.24786166109581292,0.30618684861953166,1.144507374683243,1.4825679853474742,-0.20412414523193154,4.358898943540674,-0.2526455763199557,-0.2526455763199557,-0.2526455763199557,-0.27435163058436723,-0.20412414523193154,-0.29488391230979427,-0.20412414523193154,-0.3333333333333333,0.054519315031219366,-0.2517758435191755
0.05783149319508308,-1.094374401410964,0.7233274426187775,-0.2382395089937887,-0.5530795333527511,0.3559095288009785,-1.0571182101747443,0.4431612870450103,1.1439175865960711,-0.19374813081757764,-0.20412414523193154,-0.2294157338705618,-0.2526455763199557,3.958114029012639,-0.2526455763199557,-0.27435163058436723,-0.20412414523193154,-0.29488391230979427,-0.20412414523193154,-0.3333333333333333,4.593608338270352,-0.03198541526942935
0.05783149319508308,1.4819125031114107,0.49710157579150843,-0.7105204739594666,-0.1522853047794696,1.3190498303248916,-0.6380033913474907,0.6721991510546452,1.253028382723127,0.9404983716962906,-0.20412414523193154,-0.2294157338705618,-0.2526455763199557,-0.2526455763199557,-0.2526455763199557,-0.27435163058436723,-0.20412414523193154,-0.29488391230979427,-0.20412414523193154,-0.3333333333333333,-2.085674717475724,-0.00880688656706505
0.05783149319508308,-0.23561209990351425,0.4732883266517914,1.3360303742251427,0.3884671760259037,1.4235502485518365,1.7472247572303379,1.5097355809180768,-1.4888964345454994,1.8014324639658428,-0.20412414523193154,-0.2294157338705618,-0.2526455763199557,-0.2526455763199557,-0.2526455763199557,-0.27435163058436723,-0.20412414523193154,-0.29488391230979427,-0.20412414523193154,-0.3333333333333333,-0.1763522208003252,0.02246563684685519
0.05783149319508308,-1.1692999713411492,0.7828605654680602,-1.2877527644730762,0.455249024456478,-1.687590407845749,0.4230370574159107,-0.027200633026967097,0.08819691055588019,1.9274598531340263,-0.20412414523193154,-0.2294157338705618,-0.2526455763199557,-0.2526455763199557,-0.2526455763199557,-0.27435163058436723,-0.20412414523193154,3.391164991562634,-0.20412414523193154,-0.3333333333333333,0.9080165941916645,0.02632773085992302
0.05783149319508308,-1.6188533909222345,-0.7411873794735735,-0.5530934856375764,1.0371019942187365,1.350473033008524,0.7449602638111794,-1.3741159442108493,1.418758835218823,-0.1762865046075385,-0.20412414523193154,-0.2294157338705618,-0.2526455763199557,-0.2526455763199557,-0.2526455763199557,-0.27435163058436723,-0.20412414523193154,-0.29488391230979427,-0.20412414523193154,2.9999999999999996,2.9269126465460906,0.05997715692126795
0.05783149319508308,-1.480529261820352,-0.8721602497419942,-0.1857638462198229,-0.46371046514412007,-1.6219949072271107,1.5217248501252991,-0.9467556963233529,0.9044636232037181,-1.5010924931528675,-0.20412414523193154,-0.2294157338705618,-0.2526455763199557,-0.2526455763199557,-0.2526455763199557,-0.27435163058436723,-0.20412414523193154,-0.29488391230979427,-0.20412414523193154,-0.3333333333333333,7.969996648675184,-0.02681706860947099
0.05783149319508308,-1.1865904874788684,1.3662851693910323,-0.2382395089937887,0.2892484297861956,1.5328528838002007,-1.4435797204774172,-1.6023236601088138,-0.413122963541411,0.746142879966974,-0.20412414523193154,-0.2294157338705618,-0.2526455763199557,3.958114029012639,-0.2526455763199557,-0.27435163058436723,-0.20412414523193154,-0.29488391230979427,-0.20412414523193154,-0.3333333333333333,4.980682982320902,0.016727668598868834
1.5036188231106835,-1.7225964877486268,-1.2174523622678353,1.0736520603553208,1.0439091015491102,-1.6293200281184776,-0.7897452368440666,-1.3873152991863942,1.1604316530369267,1.063488956306211,-0.20412414523193154,-0.2294157338705618,-0.2526455763199557,-0.2526455763199557,-0.2526455763199557,-0.27435163058436723,-0.20412414523193154,-0.29488391230979427,-0.20412414523193154,-0.3333333333333333,-1.6044256299875317,1.569641374705804
0.05783149319508308,0.2485223519530352,-1.4317716045252558,-0.8679474622813642,-0.3277230255214061,-0.5942682666325223,-0.41442426709683977,-1.3144282949818076,-0.19195243085142927,-0.1762865046075385,-0.20412414523193154,-0.2294157338705618,-0.2526455763199557,-0.2526455763199557,-0.2526455763199557,-0.27435163058436723,-0.20412414523193154,-0.29488391230979427,-0.20412414523193154,2.9999999999999996,-0.286333734571374,-0.018952711920313236
0.05783149319508308,0.08714420133420245,-1.6579974713525247,0.4964197698417111,-1.3886003891613241,-1.7542820666975587,1.4445093793789407,-0.027200633026967097,0.230925627651819,-0.2195609695629209,-0.20412414523193154,4.358898943540674,-0.2526455763199557,-0.2526455763199557,-0.2526455763199557,-0.27435163058436723,-0.20412414523193154,3.391164991562634,-0.20412414523193154,-0.3333333333333333,0.17554503483403663,-0.08030483395647284
-1.3879558367205174,-1.8551571114712524,-0.03274321756710847,-0.2907151717677546,0.028309315455163023,0.6443557381526739,1.7472247572303379,-0.8321952569129506,-0.4951035076585063,1.628334604144421,-0.20412414523193154,-0.2294157338705618,3.958114029012639,-0.2526455763199557,-0.2526455763199557,-0.27435163058436723,-0.20412414523193154,-0.29488391230979427,-0.20412414523193154,-0.3333333333333333,6.381378314619275,-0.039292079619555866
